Ngay_Bao_Cao,Ma_NV,Ten_NV,To_KTDB,Thang_Du_Lieu,SM1,SM2,SM3,SM4,SM5,SM6,SM4_Dat_HT,SM4_Khong_Dat_HT,SM4_Dat_HT_In_SM3,SM3_Tru,SM4_Tru,HT_Dat,HT_Khong_Dat
2026-10-07,CTV030176,Nguyễn Lợi Lịch,Tổ Kỹ thuật Địa bàn Phúc Thịnh,2026-10,1.0,1.0,3.0,3.0,0.0,3.0,0,0,0,3.0,3.0,0.0,0.0
2026-10-07,CTV030179,Nguyễn Việt Cường,Tổ Kỹ thuật Địa bàn Phúc Thịnh,2026-10,2.0,3.0,41.0,51.0,1.0,48.0,0,0,0,41.0,48.0,3.0,3.0
2026-10-07,CTV085336,Nguyễn Đình Tuân,Tổ Kỹ thuật Địa bàn Phúc Thịnh,2026-10,4.0,4.0,10.0,11.0,0.0,11.0,0,0,0,10.0,11.0,0.0,1.0
2026-10-07,DUNGVQ,,Tổ Kỹ thuật Địa bàn Phúc Thịnh,2026-10,,,2.0,3.0,,,0,0,0,2.0,3.0,0.0,0.0
2026-10-07,TTHUCKV,,Tổ Kỹ thuật Địa bàn Mê Linh,2026-10,,,1.0,2.0,,,0,0,0,1.0,2.0,0.0,0.0
2026-10-07,TỔNG,,Không xác định,2026-10,116.0,133.0,397.0,499.0,9.0,486.0,0,0,0,397.0,487.0,12.0,10.0
2026-10-07,VNPT016038,Hoàng Lam,Tổ Kỹ thuật Địa bàn Phúc Thịnh,2026-10,6.0,6.0,14.0,17.0,0.0,17.0,0,0,0,14.0,16.0,1.0,0.0
2026-10-07,VNPT016301,Nguyễn Huy Hưng,Tổ Kỹ thuật Địa bàn Đông Anh,2026-10,,,0.0,0.0,,,0,0,0,0.0,0.0,0.0,0.0
2026-10-07,VNPT016586,Trần Văn Tân,Tổ Kỹ thuật Địa bàn Đông Anh,2026-10,5.0,6.0,14.0,18.0,1.0,16.0,0,0,0,14.0,18.0,0.0,0.0
2026-10-07,VNPT016587,Phạm Đăng Khanh,Tổ Kỹ thuật Địa bàn Thiên Lộc,2026-10,4.0,4.0,9.0,9.0,0.0,9.0,0,0,0,9.0,9.0,0.0,0.0
2026-10-07,VNPT016588,Nguyễn Thái Sơn,Tổ Kỹ thuật Địa bàn Phúc Thịnh,2026-10,4.0,4.0,5.0,6.0,0.0,6.0,0,0,0,5.0,5.0,1.0,0.0
2026-10-07,VNPT016590,Lê Thanh Hưởng,Tổ Kỹ thuật Địa bàn Phúc Thịnh,2026-10,1.0,1.0,8.0,8.0,0.0,8.0,0,0,0,8.0,8.0,0.0,0.0
2026-10-07,VNPT016591,Chử Minh Trường,Tổ Kỹ thuật Địa bàn Phúc Thịnh,2026-10,4.0,5.0,16.0,19.0,0.0,19.0,0,0,0,16.0,19.0,0.0,1.0
2026-10-07,VNPT016592,Lê Đăng Dũng,Tổ Kỹ thuật Địa bàn Thiên Lộc,2026-10,1.0,1.0,5.0,5.0,0.0,5.0,0,0,0,5.0,5.0,0.0,0.0
2026-10-07,VNPT016593,Nguyễn Tiến Dũng,Tổ Kỹ thuật Địa bàn Thiên Lộc,2026-10,1.0,1.0,7.0,8.0,0.0,8.0,0,0,0,7.0,8.0,0.0,0.0
2026-10-07,VNPT016594,Vũ Văn Mịnh,Tổ Kỹ thuật Địa bàn Thiên Lộc,2026-10,2.0,2.0,11.0,13.0,0.0,13.0,0,0,0,11.0,13.0,0.0,0.0
2026-10-07,VNPT016595,Lưu Quang Hùng,Tổ Kỹ thuật Địa bàn Thiên Lộc,2026-10,3.0,5.0,9.0,10.0,0.0,10.0,0,0,0,9.0,10.0,0.0,0.0
2026-10-07,VNPT016596,Nguyễn Xong Hào,Tổ Kỹ thuật Địa bàn Phúc Thịnh,2026-10,,,0.0,0.0,,,0,0,0,0.0,0.0,0.0,0.0
2026-10-07,VNPT016610,Chu Trọng Tuấn,Tổ Kỹ thuật Địa bàn Đông Anh,2026-10,1.0,1.0,4.0,4.0,0.0,4.0,0,0,0,4.0,4.0,0.0,0.0
2026-10-07,VNPT016611,Ngô Văn Sâm,Tổ Kỹ thuật Địa bàn Phúc Thịnh,2026-10,0.0,1.0,11.0,14.0,0.0,14.0,0,0,0,11.0,13.0,1.0,0.0
2026-10-07,VNPT016612,Vũ Tạ Hoàng,Tổ Kỹ thuật Địa bàn Đông Anh,2026-10,12.0,16.0,48.0,78.0,3.0,75.0,0,0,0,48.0,78.0,0.0,2.0
2026-10-07,VNPT016613,Vũ Quang Dũng,Tổ Kỹ thuật Địa bàn Phúc Thịnh,2026-10,10.0,11.0,4.0,8.0,1.0,10.0,0,0,0,4.0,7.0,1.0,2.0
2026-10-07,VNPT016614,Lê Minh Hùng,Tổ Kỹ thuật Địa bàn Thiên Lộc,2026-10,2.0,2.0,6.0,8.0,0.0,8.0,0,0,0,6.0,8.0,0.0,0.0
2026-10-07,VNPT016615,Đào Xuân Thành,Tổ Kỹ thuật Địa bàn Đông Anh,2026-10,2.0,3.0,9.0,19.0,0.0,19.0,0,0,0,9.0,19.0,0.0,0.0
2026-10-07,VNPT016616,Ngô Tuấn Anh,Tổ Kỹ thuật Địa bàn Đông Anh,2026-10,2.0,2.0,8.0,9.0,0.0,9.0,0,0,0,8.0,9.0,0.0,0.0
2026-10-07,VNPT016617,Nguyễn Đức Long,Tổ Kỹ thuật Địa bàn Đông Anh,2026-10,0.0,0.0,8.0,9.0,0.0,9.0,0,0,0,8.0,8.0,1.0,0.0
2026-10-07,VNPT016618,Nguyễn Thiện Công,Tổ Kỹ thuật Địa bàn Đông Anh,2026-10,3.0,3.0,5.0,7.0,0.0,7.0,0,0,0,5.0,7.0,0.0,0.0
2026-10-07,VNPT016619,Nguyễn Văn Sơn,Tổ Kỹ thuật Địa bàn Đông Anh,2026-10,2.0,2.0,3.0,4.0,1.0,3.0,0,0,0,3.0,4.0,0.0,0.0
2026-10-07,VNPT016620,Nguyễn Khắc Vương,Tổ Kỹ thuật Địa bàn Đông Anh,2026-10,2.0,2.0,9.0,9.0,0.0,9.0,0,0,0,9.0,9.0,0.0,0.0
2026-10-07,VNPT016621,Nguyễn Văn Mậu,Tổ Kỹ thuật Địa bàn Đông Anh,2026-10,0.0,0.0,5.0,5.0,0.0,5.0,0,0,0,5.0,5.0,0.0,0.0
2026-10-07,VNPT016622,Nguyễn Phúc Trường,Tổ Kỹ thuật Địa bàn Đông Anh,2026-10,2.0,2.0,16.0,16.0,0.0,16.0,0,0,0,16.0,16.0,0.0,0.0
2026-10-07,VNPT016623,Quản Thế Quân,Tổ Kỹ thuật Địa bàn Đông Anh,2026-10,2.0,2.0,4.0,4.0,0.0,4.0,0,0,0,4.0,4.0,0.0,0.0
2026-10-07,VNPT016624,Nguyễn Quang Cương,Tổ Kỹ thuật Địa bàn Phúc Thịnh,2026-10,5.0,7.0,14.0,17.0,0.0,17.0,0,0,0,14.0,16.0,1.0,0.0
2026-10-07,VNPT016625,Phạm Sa Huỳnh,Tổ Kỹ thuật Địa bàn Phúc Thịnh,2026-10,1.0,4.0,12.0,17.0,1.0,16.0,0,0,0,12.0,17.0,0.0,0.0
2026-10-07,VNPT016626,Nguyễn Thành Chung,Tổ Kỹ thuật Địa bàn Mê Linh,2026-10,8.0,8.0,16.0,17.0,0.0,17.0,0,0,0,16.0,17.0,0.0,0.0
2026-10-07,VNPT016627,Lại Cao Hoàng,Tổ Kỹ thuật Địa bàn Mê Linh,2026-10,9.0,9.0,16.0,17.0,0.0,17.0,0,0,0,16.0,17.0,0.0,0.0
2026-10-07,VNPT016628,Nguyễn Thành Trung,Tổ Kỹ thuật Địa bàn Mê Linh,2026-10,1.0,1.0,15.0,17.0,0.0,17.0,0,0,0,15.0,16.0,1.0,0.0
2026-10-07,VNPT016629,Nguyễn Trường Thọ,Tổ Kỹ thuật Địa bàn Mê Linh,2026-10,,,0.0,0.0,,,0,0,0,0.0,0.0,0.0,0.0
2026-10-07,VNPT016631,Đặng Quang Sỹ,Tổ Kỹ thuật Địa bàn Mê Linh,2026-10,0.0,0.0,10.0,13.0,0.0,13.0,0,0,0,10.0,13.0,0.0,0.0
2026-10-07,VNPT016632,Kiều Văn Thực,Tổ Kỹ thuật Địa bàn Mê Linh,2026-10,10.0,10.0,2.0,3.0,0.0,5.0,0,0,0,2.0,3.0,0.0,0.0
2026-10-07,VNPT016712,Nguyễn Hải Quân,Tổ Kỹ thuật Địa bàn Mê Linh,2026-10,4.0,4.0,17.0,21.0,1.0,19.0,0,0,0,17.0,19.0,2.0,1.0
